time,speed
920804700,-nan
920805000,0.040000
920805300,0.020000
920805600,0.000000
920805900,0.000000
920806200,0.033333
920806500,0.033333
920806800,0.033333
920807100,0.020000
920807400,0.020000
920807700,0.020000
920808000,0.013333
920808300,0.016667
920808600,0.006667
920808900,0.003333
920809200,-nan
